exchange,symbol,funding,next_funding,short_ma,long_ma,positive_ratio,volatility,timestamp
binance,BTC/USDT:USDT,4.904e-05,2026-03-24T16:00:00.000Z,-9.677142857142857e-06,-8.724000000000002e-06,0.4666666666666667,3.7019884875863974e-05,1774342015001.0
binance,TRX/USDT:USDT,9.752e-05,2026-03-24T16:00:00.000Z,1.8669523809523805e-05,-3.959655555555556e-05,0.43333333333333335,0.00011153535615619332,1774342015001.0
binance,BCH/USDT:USDT,7.132e-05,2026-03-24T16:00:00.000Z,3.0541904761904765e-05,-3.468066666666667e-05,0.5333333333333333,0.00011639806129721404,1774342015001.0
binance,LINK/USDT:USDT,8.878e-05,2026-03-24T16:00:00.000Z,1.2095714285714288e-05,2.276966666666667e-05,0.6833333333333333,6.426535332423598e-05,1774342015001.0
binance,ETH/USDT:USDT,1.682e-05,2026-03-24T16:00:00.000Z,-4.813333333333335e-06,-1.2335888888888886e-05,0.425,6.040314415513807e-05,1774342015001.0
binance,LTC/USDT:USDT,8.43e-05,2026-03-24T16:00:00.000Z,3.3066666666666666e-06,8.699444444444444e-06,0.5666666666666667,5.8507985530407636e-05,1774342015001.0
binance,ETC/USDT:USDT,0.0001,2026-03-24T16:00:00.000Z,4.508571428571426e-06,-2.3157000000000005e-05,0.5333333333333333,9.644343382464609e-05,1774342015001.0
binance,XRP/USDT:USDT,2.47e-05,2026-03-24T16:00:00.000Z,-5.677619047619046e-06,-3.552088888888889e-05,0.325,8.116880256904777e-05,1774342015001.0
binance,XLM/USDT:USDT,0.0001,2026-03-24T16:00:00.000Z,2.8902857142857148e-05,-1.6223555555555553e-05,0.5166666666666667,0.00010364941946824482,1774342015001.0
binance,ADA/USDT:USDT,4.95e-06,2026-03-24T16:00:00.000Z,-6.325857142857144e-05,-2.5864111111111114e-05,0.4583333333333333,9.916405199350637e-05,1774342015001.0
binance,XMR/USDT:USDT,0.00017223,2026-03-24T16:00:00.000Z,0.00011168238095238096,0.00010272588888888892,1.0,1.6266546488413644e-05,1774342015001.0
binance,DASH/USDT:USDT,7.024e-05,2026-03-24T16:00:00.000Z,-2.1152380952380952e-05,-3.262466666666665e-05,0.55,0.00021594253397985052,1774342015001.0
binance,ZEC/USDT:USDT,-2.49e-06,2026-03-24T16:00:00.000Z,3.9176190476190495e-06,-2.9884222222222225e-05,0.49166666666666664,0.00010476579380522484,1774342016000.0
binance,XTZ/USDT:USDT,4.651e-05,2026-03-24T12:00:00.000Z,3.3180952380952385e-05,1.7346444444444443e-05,0.7666666666666667,7.603807474617021e-05,1774342016000.0
binance,ATOM/USDT:USDT,-0.0001206,2026-03-24T16:00:00.000Z,-0.0001247866666666667,-0.00041278955555555555,0.2916666666666667,0.0006028355073054524,1774342016000.0
binance,ONT/USDT:USDT,5e-05,2026-03-24T12:00:00.000Z,6.4061904761904735e-06,-2.9537222222222227e-05,0.675,0.00015301765259376305,1774342016000.0
binance,BNB/USDT:USDT,0.0,2026-03-24T16:00:00.000Z,-1.6489047619047615e-05,-3.847444444444444e-06,0.0,1.6405675280727298e-05,1774342016000.0
binance,IOTA/USDT:USDT,0.0001,2026-03-24T16:00:00.000Z,3.3140952380952386e-05,5.1336555555555564e-05,0.7666666666666667,8.172284850635748e-05,1774342016000.0
binance,BAT/USDT:USDT,0.0001,2026-03-24T16:00:00.000Z,1.9124761904761902e-05,3.485555555555557e-06,0.6916666666666667,0.00010714793144523628,1774342016000.0
binance,VET/USDT:USDT,0.0001,2026-03-24T16:00:00.000Z,4.364761904761905e-06,-2.247466666666667e-05,0.5166666666666667,0.00011743758549532692,1774342016000.0
binance,NEO/USDT:USDT,3.437e-05,2026-03-24T16:00:00.000Z,-0.00010846809523809523,-0.0001391173333333333,0.4,0.0007036290106033426,1774342016000.0
binance,QTUM/USDT:USDT,0.0001,2026-03-24T16:00:00.000Z,5.518904761904761e-05,5.6128444444444465e-05,0.875,0.00012507214529478133,1774342016000.0
binance,IOST/USDT:USDT,0.0001,2026-03-24T16:00:00.000Z,9.747952380952382e-05,2.9366666666666664e-05,0.8166666666666667,0.00013212691844081834,1774342016000.0
binance,ALGO/USDT:USDT,0.0001,2026-03-24T16:00:00.000Z,-8.302380952380955e-06,-3.8699555555555556e-05,0.44166666666666665,0.0001407530658043843,1774342016000.0
binance,THETA/USDT:USDT,0.0001,2026-03-24T16:00:00.000Z,-7.465523809523809e-05,-5.63708888888889e-05,0.475,0.00015686040405615346,1774342016000.0
binance,ZIL/USDT:USDT,-4.257e-05,2026-03-24T12:00:00.000Z,-0.00022091047619047624,-9.812944444444445e-05,0.45,0.00019822216870427582,1774342016000.0
binance,KNC/USDT:USDT,0.0001,2026-03-24T16:00:00.000Z,5.7370476190476205e-05,-0.0003072345555555557,0.6833333333333333,0.0015667482522499496,1774342016000.0
binance,ZRX/USDT:USDT,-0.00027486,2026-03-24T12:00:00.000Z,-0.00013250285714285715,-6.988866666666666e-05,0.25,0.00011226784233289305,1774342016000.0
binance,COMP/USDT:USDT,-4.254e-05,2026-03-24T16:00:00.000Z,-0.00016398999999999998,-0.00024660233333333333,0.08333333333333333,0.0015707279349884222,1774342017001.0
binance,OMG/USDT:USDT,0.0,2026-03-24T16:00:00.000Z,9.999999999999999e-05,0.00010000000000000002,1.0,2.710505431213761e-20,1774342017001.0
binance,KAVA/USDT:USDT,5e-05,2026-03-24T12:00:00.000Z,4.2054285714285714e-05,-2.737877777777776e-05,0.48333333333333334,0.0012899711439377855,1774342017001.0
binance,DOGE/USDT:USDT,4.366e-05,2026-03-24T16:00:00.000Z,-2.222761904761905e-05,-2.197022222222222e-05,0.39166666666666666,7.292190162750984e-05,1774342017001.0
binance,SXP/USDT:USDT,0.0,2026-03-24T16:00:00.000Z,-0.0030448523809523806,-0.0006540696666666666,0.7166666666666667,0.002345534723051743,1774342017001.0
binance,RLC/USDT:USDT,0.0001,2026-03-24T16:00:00.000Z,9.999999999999999e-05,6.524811111111111e-05,0.8333333333333334,8.51298203819956e-05,1774342017001.0
binance,BAND/USDT:USDT,0.0001,2026-03-24T16:00:00.000Z,9.999999999999999e-05,3.2569333333333333e-05,0.7833333333333333,0.00012562530661187017,1774342017001.0
binance,WAVES/USDT:USDT,0.0,1970-01-01T00:00:00.000Z,9.999999999999999e-05,0.00010000000000000002,1.0,2.710505431213761e-20,1774342017001.0
binance,MKR/USDT:USDT,0.0,2026-03-24T16:00:00.000Z,0.00012403904761904764,7.804111111111112e-05,0.8916666666666667,0.00012187428443675978,1774342017001.0
binance,SNX/USDT:USDT,4.071e-05,2026-03-24T16:00:00.000Z,-7.090857142857142e-05,-0.00012576466666666667,0.35833333333333334,0.0007984065481552364,1774342017001.0
binance,DEFI/USDT:USDT,0.0,2026-03-24T16:00:00.000Z,0.0005999395238095238,0.00035324111111111105,0.8583333333333333,0.0006894634727525455,1774342017001.0
binance,YFI/USDT:USDT,-0.00012654,2026-03-24T16:00:00.000Z,4.1516190476190485e-05,1.6369999999999997e-05,0.625,8.93247532260173e-05,1774342017001.0
binance,DOT/USDT:USDT,-0.0003835,2026-03-24T16:00:00.000Z,-4.905714285714286e-05,-0.00017066222222222223,0.325,0.0003150737671570827,1774342017001.0
binance,CRV/USDT:USDT,-0.0001126,2026-03-24T16:00:00.000Z,3.9321428571428575e-05,5.947044444444446e-05,0.8083333333333333,8.532191863742998e-05,1774342017001.0
binance,BAL/USDT:USDT,0.0,1970-01-01T00:00:00.000Z,9.999999999999999e-05,0.00010000000000000002,1.0,2.710505431213761e-20,1774342017001.0
binance,TRB/USDT:USDT,5e-05,2026-03-24T12:00:00.000Z,3.676571428571429e-05,4.096111111111112e-05,0.9,2.322333695143147e-05,1774342018000.0
binance,RUNE/USDT:USDT,-7.695e-05,2026-03-24T16:00:00.000Z,8.817619047619051e-06,2.362888888888889e-05,0.675,0.00011540802004190636,1774342018000.0
binance,SUSHI/USDT:USDT,9.755e-05,2026-03-24T16:00:00.000Z,3.264857142857143e-05,3.8271777777777784e-05,0.75,6.027793165361184e-05,1774342018000.0
binance,EGLD/USDT:USDT,0.0001,2026-03-24T16:00:00.000Z,6.328857142857145e-05,4.5762777777777784e-05,0.8333333333333334,7.735252217171971e-05,1774342018000.0
binance,ICX/USDT:USDT,5e-05,2026-03-24T12:00:00.000Z,5.595238095238097e-06,-1.8426333333333333e-05,0.5583333333333333,0.0018364650313244012,1774342018000.0
binance,SOL/USDT:USDT,4.463e-05,2026-03-24T16:00:00.000Z,-3.6014761904761894e-05,-4.169666666666666e-05,0.325,9.006617276249353e-05,1774342018000.0
binance,BLZ/USDT:USDT,0.0,2026-03-24T12:00:00.000Z,4.9999999999999996e-05,5.000000000000001e-05,1.0,1.3552527156068805e-20,1774342018000.0
binance,STORJ/USDT:USDT,5e-05,2026-03-24T12:00:00.000Z,1.6830476190476194e-05,-4.3440333333333325e-05,0.5833333333333334,0.00023645831812957367,1774342018000.0
binance,UNI/USDT:USDT,0.0001,2026-03-24T16:00:00.000Z,-1.6633333333333332e-05,2.1232888888888892e-05,0.7083333333333334,5.756255435393742e-05,1774342018000.0
binance,AVAX/USDT:USDT,4.697e-05,2026-03-24T16:00:00.000Z,-1.6952380952380822e-07,2.2400000000000238e-07,0.5833333333333334,9.711484058831099e-05,1774342018000.0
binance,FTM/USDT:USDT,0.0,2026-03-24T16:00:00.000Z,9.999999999999999e-05,0.00010000000000000002,1.0,2.710505431213761e-20,1774342018000.0
binance,ENJ/USDT:USDT,-0.00045712,2026-03-24T12:00:00.000Z,-0.00021842190476190475,-0.0005312331111111112,0.0,0.0010563494450226004,1774342018000.0
binance,REN/USDT:USDT,0.0,2026-03-24T16:00:00.000Z,9.999999999999999e-05,0.00010000000000000002,1.0,2.710505431213761e-20,1774342018000.0
binance,FLM/USDT:USDT,0.0,2026-03-24T12:00:00.000Z,0.0006050028571428571,0.0005504167777777778,0.9916666666666667,0.0007770463707651772,1774342018000.0
binance,KSM/USDT:USDT,0.0001,2026-03-24T16:00:00.000Z,4.785285714285715e-05,-3.442511111111111e-05,0.6083333333333333,0.00016568303745553752,1774342018000.0
binance,NEAR/USDT:USDT,0.0001,2026-03-24T16:00:00.000Z,4.808619047619049e-05,-3.3826666666666643e-06,0.625,0.00011965766365619765,1774342018000.0
binance,AAVE/USDT:USDT,0.0001,2026-03-24T16:00:00.000Z,2.0531428571428573e-05,1.3753555555555558e-05,0.6333333333333333,6.947773075757599e-05,1774342019000.0
binance,FIL/USDT:USDT,0.0001,2026-03-24T16:00:00.000Z,1.1133333333333338e-06,-3.309811111111111e-05,0.5416666666666666,0.00019000395932013202,1774342019000.0
binance,RSR/USDT:USDT,0.0001,2026-03-24T16:00:00.000Z,5.133904761904761e-05,4.121e-05,0.6833333333333333,7.190214896707422e-05,1774342019000.0
binance,OCEAN/USDT:USDT,0.0,2026-03-24T16:00:00.000Z,9.999999999999999e-05,0.00010000000000000002,1.0,2.710505431213761e-20,1774342019000.0
binance,LRC/USDT:USDT,0.0,2026-03-24T12:00:00.000Z,-0.0006680652380952381,-0.00029299955555555556,0.5666666666666667,0.0006081474749843383,1774342019000.0
binance,BEL/USDT:USDT,2.843e-05,2026-03-24T16:00:00.000Z,4.412285714285715e-05,-0.00013306933333333336,0.7333333333333333,0.001099975857102618,1774342019000.0
binance,AXS/USDT:USDT,-0.00056546,2026-03-24T12:00:00.000Z,-0.0006079747619047618,-0.0005785727777777778,0.008333333333333333,0.0004918186826709206,1774342019000.0
binance,ALPHA/USDT:USDT,0.0,2026-03-24T16:00:00.000Z,0.0009967090476190475,0.0004769355555555555,1.0,0.0005624603380221517,1774342019000.0
binance,ZEN/USDT:USDT,7.46e-05,2026-03-24T16:00:00.000Z,2.2996190476190476e-05,1.2866777777777777e-05,0.6833333333333333,8.416051415532637e-05,1774342019000.0
binance,SKL/USDT:USDT,5e-05,2026-03-24T12:00:00.000Z,4.445095238095239e-05,4.470733333333333e-05,0.925,0.0003285591117729046,1774342019000.0
binance,GRT/USDT:USDT,0.0001,2026-03-24T16:00:00.000Z,1.6473809523809524e-05,-1.1393222222222219e-05,0.6083333333333333,0.0001631363691730701,1774342019000.0
binance,CHZ/USDT:USDT,0.0001,2026-03-24T16:00:00.000Z,4.213190476190476e-05,3.858066666666667e-05,0.7916666666666666,6.774219154182192e-05,1774342019000.0
binance,SAND/USDT:USDT,-5.669e-05,2026-03-24T16:00:00.000Z,-0.00014014714285714283,-0.0002028158888888889,0.21666666666666667,0.00021877717071065646,1774342019000.0
binance,1INCH/USDT:USDT,-3.181e-05,2026-03-24T16:00:00.000Z,5.4647142857142864e-05,3.498888888888889e-05,0.7083333333333334,0.0001201936106489292,1774342019000.0
binance,ANKR/USDT:USDT,-0.00010385,2026-03-24T12:00:00.000Z,-0.0014088557142857142,-0.0009070616666666667,0.3,0.002255097080746999,1774342019000.0
binance,UNFI/USDT:USDT,0.0,2026-03-24T12:00:00.000Z,4.9999999999999996e-05,5.000000000000001e-05,1.0,1.3552527156068805e-20,1774342019000.0
binance,REEF/USDT:USDT,0.0,2026-03-24T12:00:00.000Z,4.9999999999999996e-05,5.000000000000001e-05,1.0,1.3552527156068805e-20,1774342019000.0
binance,RVN/USDT:USDT,-9e-05,2026-03-24T12:00:00.000Z,-0.0001361742857142857,-8.034066666666666e-05,0.825,0.0003840541361088738,1774342020000.0
binance,SFP/USDT:USDT,0.0001,2026-03-24T16:00:00.000Z,6.768238095238096e-05,7.462411111111114e-05,0.9333333333333333,3.960851540038105e-05,1774342020000.0
binance,XEM/USDT:USDT,0.0,2026-03-24T16:00:00.000Z,9.999999999999999e-05,0.00010000000000000002,1.0,2.710505431213761e-20,1774342020000.0
bybit,0G/USDT:USDT,-0.00148393,2026-03-24T12:00:00.000Z,-0.0009433852380952381,-0.0004265957777777777,0.125,0.0004700636048060116,1774342020507.0
binance,BTCST/USDT:USDT,0.0001,2026-03-24T16:00:00.000Z,9.999999999999999e-05,0.00010000000000000002,1.0,2.710505431213761e-20,1774342020000.0
bybit,1000000BABYDOGE/USDT:USDT,5e-05,2026-03-24T12:00:00.000Z,4.9652857142857144e-05,6.0034888888888895e-05,0.9666666666666667,8.317532258562166e-05,1774342020619.0
bybit,1000000MOG/USDT:USDT,-0.00050103,2026-03-24T12:00:00.000Z,-0.00026204809523809526,-8.174844444444443e-05,0.7166666666666667,0.0003295798990775037,1774342020609.0
bybit,1000000CHEEMS/USDT:USDT,-4.573e-05,2026-03-24T12:00:00.000Z,-0.00039058428571428575,-0.00012827355555555556,0.7583333333333333,0.00040521052841886165,1774342020607.0
bybit,10000QUBIC/USDT:USDT,0.0001,2026-03-24T16:00:00.000Z,0.0005091376190476189,0.00015683066666666667,0.975,0.0009868001637581743,1774342020706.0
bybit,1000BONK/USDT:USDT,-0.0001023,2026-03-24T12:00:00.000Z,-0.00011163142857142857,-3.1524e-05,0.525,0.0001029182100881569,1774342020962.0
bybit,1000FLOKI/USDT:USDT,0.0001,2026-03-24T16:00:00.000Z,-6.023523809523811e-05,-2.7083e-05,0.5166666666666667,0.00015400531177843255,1774342021063.0
bybit,1000NEIROCTO/USDT:USDT,5e-05,2026-03-24T12:00:00.000Z,4.971380952380953e-05,4.993322222222223e-05,1.0,5.463446650746725e-07,1774342021073.0
bybit,10000SATS/USDT:USDT,5e-05,2026-03-24T12:00:00.000Z,4.9999999999999996e-05,5.000000000000001e-05,0.9916666666666667,1.3792217320074638e-05,1774342021011.0
bybit,1000LUNC/USDT:USDT,0.0001,2026-03-24T16:00:00.000Z,-2.1777619047619045e-05,-1.0973111111111109e-05,0.6666666666666666,0.00016655053623948414,1774342021064.0
bybit,1000BTT/USDT:USDT,0.0001,2026-03-24T16:00:00.000Z,-0.0002516728571428571,-0.0004153845555555555,0.43333333333333335,0.0011135447408738232,1774342021010.0
bybit,1000CAT/USDT:USDT,0.00079836,2026-03-24T12:00:00.000Z,6.076e-05,0.00020909922222222228,1.0,0.00022985021214526262,1774342021115.0
bybit,1000PEPE/USDT:USDT,0.0001,2026-03-24T16:00:00.000Z,-0.00017246619047619048,-0.00013102144444444443,0.4,0.00019462681128806412,1774342021164.0
bybit,1000RATS/USDT:USDT,0.00014999,2026-03-24T12:00:00.000Z,0.00037215904761904754,0.00013892055555555556,1.0,0.00017075094865278608,1774342021375.0
bybit,1INCH/USDT:USDT,0.0001,2026-03-24T16:00:00.000Z,5.196428571428571e-05,3.5467222222222216e-05,0.7666666666666667,0.00010244089721707287,1774342021468.0
bybit,1000TAG/USDT:USDT,5.521e-05,2026-03-24T12:00:00.000Z,0.00019629476190476187,4.904566666666667e-05,0.8916666666666667,0.000224154966833448,1774342021470.0
bybit,1000TURBO/USDT:USDT,5e-05,2026-03-24T12:00:00.000Z,-0.0011149580952380955,-0.00032275422222222225,0.4583333333333333,0.0020433153688836445,1774342021467.0
bybit,1000TOSHI/USDT:USDT,5e-05,2026-03-24T12:00:00.000Z,2.0643809523809533e-05,1.4642444444444443e-05,0.75,0.00024849890241808524,1774342021476.0
bybit,1000XEC/USDT:USDT,0.0001,2026-03-24T16:00:00.000Z,9.999999999999999e-05,5.534700000000002e-05,0.775,0.00018053730204309576,1774342021468.0
bybit,2Z/USDT:USDT,5e-05,2026-03-24T12:00:00.000Z,-0.00014985285714285714,-0.0001313128888888889,0.16666666666666666,0.00014529494651395502,1774342021570.0
bybit,4/USDT:USDT,5e-05,2026-03-24T12:00:00.000Z,0.00042107809523809527,0.0002171372222222222,1.0,0.00022988224782066868,1774342021567.0
bybit,AAVE/USDT:USDT,0.0001,2026-03-24T16:00:00.000Z,9.239047619047619e-06,1.4396111111111112e-05,0.6,5.894225750092674e-05,1774342021772.0
bybit,ACX/USDT:USDT,5e-05,2026-03-24T12:00:00.000Z,3.1327619047619054e-05,-0.0004710815555555555,0.8666666666666667,0.0022151266234872375,1774342021871.0
bybit,ACH/USDT:USDT,1.073e-05,2026-03-24T12:00:00.000Z,4.961952380952381e-05,3.677333333333334e-05,0.8666666666666667,5.5468942688616795e-05,1774342021872.0
bybit,ACT/USDT:USDT,0.00033788,2026-03-24T12:00:00.000Z,9.471809523809523e-05,6.569733333333333e-05,0.8166666666666667,0.00019507223951077712,1774342021872.0
bybit,ACU/USDT:USDT,5e-05,2026-03-24T12:00:00.000Z,4.9999999999999996e-05,0.00010123677777777775,1.0,0.0001192450685143543,1774342021874.0
bybit,ACE/USDT:USDT,5e-05,2026-03-24T12:00:00.000Z,-3.788904761904762e-05,-3.379466666666669e-05,0.75,0.0006902182979038778,1774342021872.0
bybit,ADA/USDT:USDT,9.973e-05,2026-03-24T16:00:00.000Z,-1.6150476190476187e-05,5.5083333333333345e-06,0.5416666666666666,8.47164379372199e-05,1774342021972.0
bybit,AERGO/USDT:USDT,5e-05,2026-03-24T12:00:00.000Z,-9.356999999999997e-05,-9.320333333333331e-06,0.8,0.00021044720388244053,1774342021980.0
bybit,AERO/USDT:USDT,-0.00027407,2026-03-24T12:00:00.000Z,-0.00028427238095238093,-0.00011803155555555557,0.525,0.00028572674875345885,1774342022174.0
bybit,AGI/USDT:USDT,0.0001,2026-03-24T16:00:00.000Z,-0.00033885095238095234,-0.00010641844444444442,0.8666666666666667,0.000643880883371727,1774342022284.0
bybit,AGLD/USDT:USDT,0.0001,2026-03-24T16:00:00.000Z,-3.3285714285714344e-07,-0.0005836465555555555,0.43333333333333335,0.001384352097519688,1774342022275.0
bybit,AIO/USDT:USDT,5e-05,2026-03-24T12:00:00.000Z,0.00018958285714285717,0.00021782744444444446,1.0,0.0003362143575892614,1774342022276.0
bybit,AIOZ/USDT:USDT,0.0001,2026-03-24T16:00:00.000Z,2.1088571428571435e-05,-0.00011513722222222224,0.6083333333333333,0.0009667276629889927,1774342022276.0
bybit,AEVO/USDT:USDT,5e-05,2026-03-24T12:00:00.000Z,3.13052380952381e-05,2.0591222222222225e-05,0.8416666666666667,7.191535012004662e-05,1774342022276.0
bybit,AIXBT/USDT:USDT,5e-05,2026-03-24T12:00:00.000Z,-2.1749047619047616e-05,-4.807777777777778e-05,0.55,0.00016096969905846325,1774342022374.0
bybit,AKE/USDT:USDT,0.0022208,2026-03-24T12:00:00.000Z,0.00030063095238095245,0.000213564,1.0,0.00029032609996533786,1774342022386.0
bybit,AKT/USDT:USDT,2.865e-05,2026-03-24T12:00:00.000Z,-0.0003488142857142857,-0.00025960544444444446,0.39166666666666666,0.0005802196077769942,1774342022578.0
bybit,ALLO/USDT:USDT,5e-05,2026-03-24T12:00:00.000Z,6.0117619047619034e-05,-1.911055555555555e-05,0.7416666666666667,0.0001513689267825651,1774342022691.0
bybit,ALICE/USDT:USDT,0.0001,2026-03-24T16:00:00.000Z,-0.00028583523809523804,-0.0006935692222222223,0.775,0.0025776672440673736,1774342022690.0
bybit,ALCH/USDT:USDT,5e-05,2026-03-24T12:00:00.000Z,4.9999999999999996e-05,4.0596777777777786e-05,0.9,4.5028974355330986e-05,1774342022681.0
bybit,ALPINE/USDT:USDT,5e-05,2026-03-24T12:00:00.000Z,4.9999999999999996e-05,5.000000000000001e-05,1.0,1.3552527156068805e-20,1774342022680.0
bybit,ALGO/USDT:USDT,0.0001,2026-03-24T16:00:00.000Z,1.679380952380952e-05,-9.098555555555552e-06,0.5666666666666667,0.00012692408951917218,1774342022681.0
bybit,ALT/USDT:USDT,5e-05,2026-03-24T12:00:00.000Z,2.580571428571429e-05,1.9610333333333334e-05,0.8083333333333333,6.63237779991711e-05,1774342022779.0
bybit,ANIME/USDT:USDT,-2.207e-05,2026-03-24T12:00:00.000Z,-0.0007898109523809525,-0.0010342573333333334,0.55,0.0025379142790166133,1774342022782.0
bybit,ANKR/USDT:USDT,9.069e-05,2026-03-24T16:00:00.000Z,-0.0012312790476190476,-0.0011201793333333332,0.4,0.002556160769637326,1774342022994.0
bybit,APR/USDT:USDT,5e-05,2026-03-24T12:00:00.000Z,0.0003020342857142857,0.00015789766666666666,0.975,0.00027246703401174923,1774342023092.0
bybit,API3/USDT:USDT,5e-05,2026-03-24T12:00:00.000Z,4.9999999999999996e-05,-3.6072222222222164e-06,0.8,0.00011871864107321491,1774342023095.0
bybit,APT/USDT:USDT,-0.00019491,2026-03-24T16:00:00.000Z,-5.8862857142857146e-05,-8.000944444444445e-05,0.36666666666666664,0.00017387374834248749,1774342023086.0
bybit,APE/USDT:USDT,-5.98e-06,2026-03-24T16:00:00.000Z,-0.00017650904761904763,-0.00019385777777777778,0.24166666666666667,0.0002389659368089356,1774342023086.0
bybit,APEX/USDT:USDT,5e-05,2026-03-24T12:00:00.000Z,4.9999999999999996e-05,5.000000000000001e-05,1.0,1.3552527156068805e-20,1774342023085.0
bybit,ARC/USDT:USDT,5e-05,2026-03-24T12:00:00.000Z,4.9999999999999996e-05,5.131611111111112e-05,1.0,2.6208327476284453e-05,1774342023186.0
bybit,ARB/USDT:USDT,0.0001,2026-03-24T16:00:00.000Z,-8.96380952380952e-06,4.024000000000001e-06,0.5916666666666667,9.65145962075383e-05,1774342023196.0
bybit,ARIA/USDT:USDT,5e-05,2026-03-24T12:00:00.000Z,4.491476190476191e-05,7.050188888888887e-05,0.925,0.00027825339024644226,1774342023397.0
bybit,ASP/USDT:USDT,5e-05,2026-03-24T12:00:00.000Z,-0.00010817809523809524,-2.373399999999999e-05,0.875,0.0002329968391852249,1774342023491.0
bybit,AR/USDT:USDT,4.857e-05,2026-03-24T16:00:00.000Z,2.044857142857143e-05,1.9602444444444446e-05,0.6416666666666667,0.00011615823248901569,1774342023500.0
bybit,ARPA/USDT:USDT,0.0001,2026-03-24T16:00:00.000Z,0.00010905857142857142,-0.00013389133333333334,0.625,0.000518144680359586,1774342023492.0
bybit,ARKM/USDT:USDT,0.00099985,2026-03-24T16:00:00.000Z,8.251904761904765e-06,6.616333333333334e-06,0.6416666666666667,0.00014477927519350122,1774342023490.0
bybit,ARK/USDT:USDT,5e-05,2026-03-24T12:00:00.000Z,4.9999999999999996e-05,2.404588888888889e-05,0.9666666666666667,0.00012855722422845938,1774342023499.0
bybit,ASTER/USDT:USDT,-6.024e-05,2026-03-24T12:00:00.000Z,-1.4349047619047619e-05,-3.870333333333333e-06,0.5666666666666667,5.5907186912216396e-05,1774342023591.0
bybit,ASR/USDT:USDT,5e-05,2026-03-24T12:00:00.000Z,4.9999999999999996e-05,5.000000000000001e-05,1.0,1.3552527156068805e-20,1774342023591.0
bybit,ASTR/USDT:USDT,0.0001,2026-03-24T16:00:00.000Z,6.267285714285715e-05,5.248144444444446e-05,0.875,0.00011736457945117001,1774342023801.0
bybit,AT/USDT:USDT,5e-05,2026-03-24T12:00:00.000Z,4.9999999999999996e-05,5.000000000000001e-05,1.0,1.862747406386599e-05,1774342023893.0
bybit,ATH/USDT:USDT,-0.0006513,2026-03-24T12:00:00.000Z,-0.0003893280952380952,-0.0003485309999999999,0.375,0.0006846888499934965,1774342023894.0
bybit,AUCTION/USDT:USDT,5e-05,2026-03-24T12:00:00.000Z,-4.141904761904762e-06,-3.3787777777777794e-06,0.7666666666666667,0.00013871806339108193,1774342023893.0
bybit,A/USDT:USDT,5e-05,2026-03-24T12:00:00.000Z,4.571428571428592e-08,-9.899999999999975e-07,0.6666666666666666,7.819575236758922e-05,1774342023892.0
bybit,ATOM/USDT:USDT,-2.52e-06,2026-03-24T16:00:00.000Z,-4.569333333333334e-05,-0.0003479728888888889,0.20833333333333334,0.0005032105658102613,1774342023892.0
bybit,AVAAI/USDT:USDT,5e-05,2026-03-24T12:00:00.000Z,0.00011882523809523813,0.0001837235555555556,0.9833333333333333,0.0002470186247853112,1774342023995.0
bybit,AVA/USDT:USDT,5e-05,2026-03-24T12:00:00.000Z,4.9999999999999996e-05,2.9375777777777787e-05,0.8666666666666667,5.887196125113853e-05,1774342024004.0
bybit,AVAX/USDT:USDT,0.0001,2026-03-24T16:00:00.000Z,1.9509523809523802e-06,1.1367666666666671e-05,0.625,8.628673602765117e-05,1774342024204.0
bybit,AXS/USDT:USDT,-0.00062784,2026-03-24T16:00:00.000Z,-0.001037832380952381,-0.0008258106666666666,0.13333333333333333,0.0007179649968649769,1774342024295.0
bybit,AVL/USDT:USDT,-0.00272361,2026-03-24T12:00:00.000Z,-0.0015917476190476193,-0.00042752022222222215,0.8333333333333334,0.0010344323553214227,1774342024305.0
bybit,AXL/USDT:USDT,5e-05,2026-03-24T12:00:00.000Z,-8.877142857142853e-06,1.0848888888888917e-06,0.6416666666666667,0.00012324796035319293,1774342024295.0
bybit,AVNT/USDT:USDT,5e-05,2026-03-24T12:00:00.000Z,-0.0001255790476190476,-0.00018346133333333334,0.375,0.0003822000636904345,1774342024296.0
bybit,AWE/USDT:USDT,5e-05,2026-03-24T12:00:00.000Z,4.9999999999999996e-05,4.790877777777778e-05,0.9416666666666667,0.00011471746497370423,1774342024296.0
bybit,AZTEC/USDT:USDT,5e-05,2026-03-24T12:00:00.000Z,2.085238095238096e-05,8.556888888888896e-06,0.7083333333333334,0.00020932926579034854,1774342024405.0
bybit,B2/USDT:USDT,5e-05,2026-03-24T12:00:00.000Z,0.00010021619047619046,6.171711111111114e-05,1.0,8.50388873612472e-05,1774342024405.0
bybit,B3/USDT:USDT,5e-05,2026-03-24T12:00:00.000Z,4.9999999999999996e-05,4.466744444444445e-05,0.925,7.997041006504984e-05,1774342024608.0
bybit,BANANAS31/USDT:USDT,5e-05,2026-03-24T12:00:00.000Z,8.136190476190474e-05,4.8240555555555565e-05,0.9833333333333333,9.206568064879763e-05,1774342024709.0
bybit,BABY/USDT:USDT,5e-05,2026-03-24T12:00:00.000Z,-7.810285714285714e-05,-3.125844444444444e-05,0.6666666666666666,0.0019355525543127627,1774342024701.0
okx,BTC/USDT:USDT,8.32459944451e-05,2026-03-24T16:00:00.000Z,8.04602040619048e-07,9.137275689382221e-06,0.6333333333333333,3.992714010440758e-05,
okx,ETH/USDT:USDT,2.71356120008e-05,2026-03-24T16:00:00.000Z,2.1371421391666655e-06,1.597516612599222e-05,0.625,5.103853203270182e-05,
okx,OKB/USDT:USDT,5e-05,2026-03-24T12:00:00.000Z,4.0093608311314295e-05,3.675191545685001e-05,0.875,2.6597883386747687e-05,
okx,DOGE/USDT:USDT,2.627965323e-06,2026-03-24T16:00:00.000Z,-2.1179218153028575e-05,5.019276985176667e-06,0.55,6.885272723020101e-05,
okx,SOL/USDT:USDT,2.58651200345e-05,2026-03-24T16:00:00.000Z,-3.97429102203381e-05,-1.9500307561877777e-05,0.39166666666666666,8.262690739532146e-05,
okx,XRP/USDT:USDT,7.00596642173e-05,2026-03-24T16:00:00.000Z,1.6656431876923812e-05,-8.779482143715554e-06,0.5083333333333333,8.121284592256784e-05,
okx,PUMP/USDT:USDT,5e-05,2026-03-24T12:00:00.000Z,-1.3084165451476183e-05,6.378027070688931e-07,0.6666666666666666,7.835373451961641e-05,
okx,BCH/USDT:USDT,0.0001,2026-03-24T16:00:00.000Z,-2.8555469258057135e-05,-7.30402888076011e-05,0.2916666666666667,0.00010940170829956416,
okx,WLFI/USDT:USDT,5e-05,2026-03-24T12:00:00.000Z,-2.105418379697142e-05,-1.409550808964443e-06,0.675,0.00010526706530720366,
okx,1INCH/USDT:USDT,-0.0002241030706533,2026-03-24T16:00:00.000Z,-0.00010490840453753335,-5.2442782152427776e-05,0.45,0.0001435775493419446,
okx,0G/USDT:USDT,-0.0011296127975537,2026-03-24T12:00:00.000Z,-0.000823215734520919,-0.0003640461138960267,0.2,0.00040843200164989183,
okx,LINEA/USDT:USDT,5e-05,2026-03-24T12:00:00.000Z,-2.22848303881e-05,5.562661008204446e-06,0.7333333333333333,7.240360347628642e-05,
okx,A/USDT:USDT,5e-05,2026-03-24T12:00:00.000Z,2.7087390338952384e-05,3.279725782278556e-05,0.825,4.2439148727101847e-05,
okx,2Z/USDT:USDT,5e-05,2026-03-24T12:00:00.000Z,-1.4542654081814277e-05,-6.695973360755001e-05,0.4,0.00013082835744345666,
okx,ACH/USDT:USDT,5e-05,2026-03-24T12:00:00.000Z,-7.79464343498524e-05,-2.844343228261109e-06,0.7166666666666667,9.445743974982372e-05,
okx,AAPL/USDT:USDT,0.0,2026-03-24T16:00:00.000Z,-9.940616279063333e-05,-9.798338335840666e-05,0.55,0.00037150196599663933,
okx,AAVE/USDT:USDT,0.0001,2026-03-24T16:00:00.000Z,1.427639250676192e-06,5.578130312682223e-06,0.6166666666666667,6.647909025453698e-05,
okx,ACT/USDT:USDT,5e-05,2026-03-24T12:00:00.000Z,3.915612881063334e-05,4.741996192456e-05,0.9416666666666667,8.189471626471888e-05,
okx,ACU/USDT:USDT,5e-05,2026-03-24T12:00:00.000Z,4.9999999999999996e-05,9.970383262145444e-05,0.9916666666666667,0.00012209268633472695,
okx,AERO/USDT:USDT,-4.1751673616e-06,2026-03-24T12:00:00.000Z,-0.0001792671343928048,-5.24408942719511e-05,0.7333333333333333,0.00025958923824203104,
okx,AIXBT/USDT:USDT,5e-05,2026-03-24T12:00:00.000Z,-3.0196719542557146e-05,-2.1534801495798886e-05,0.5916666666666667,0.00011958319131870511,
okx,ADA/USDT:USDT,0.0001,2026-03-24T16:00:00.000Z,-5.987933653044762e-05,-7.5401236426033314e-06,0.575,0.00010719487214738832,
okx,AEVO/USDT:USDT,5e-05,2026-03-24T12:00:00.000Z,-1.8145816251204756e-05,3.223141803461446e-05,0.8666666666666667,9.739141645155788e-05,
okx,AGLD/USDT:USDT,0.0001,2026-03-24T16:00:00.000Z,9.347264994085718e-06,-0.0004979557141902689,0.525,0.0013043537909020956,
okx,ALGO/USDT:USDT,0.0001,2026-03-24T16:00:00.000Z,-4.9407550595142895e-06,-0.0001243768089404278,0.4083333333333333,0.0001936048258536797,
okx,AMD/USDT:USDT,0.0,2026-03-24T16:00:00.000Z,1.4285714285714287e-05,5.7385406629123074e-05,0.5384615384615384,5.585914511384787e-05,
okx,ALLO/USDT:USDT,5e-05,2026-03-24T12:00:00.000Z,4.376509436065715e-05,1.0426307507566678e-06,0.725,0.00012197546215571364,
okx,APR/USDT:USDT,0.0001438403579981,2026-03-24T12:00:00.000Z,0.00022605832428693334,0.0001988395991851633,0.925,0.000354874283907253,
okx,APT/USDT:USDT,7.71471061914e-05,2026-03-24T16:00:00.000Z,-6.991597174104285e-05,-7.880520332380555e-05,0.4083333333333333,0.0001633050930405178,
okx,API3/USDT:USDT,5e-05,2026-03-24T12:00:00.000Z,-6.92535856768381e-05,-6.804543750195001e-05,0.575,0.000196519460832798,
okx,ANIME/USDT:USDT,1.25e-05,2026-03-24T09:00:00.000Z,-4.4906435141309534e-05,-0.00025748842600093,0.6416666666666667,0.0006354695295485003,
okx,APE/USDT:USDT,-0.0002579288198994,2026-03-24T16:00:00.000Z,-0.00022150982328061433,-0.00014125309263423555,0.325,0.000216069771332547,
okx,AMZN/USDT:USDT,0.0,2026-03-24T16:00:00.000Z,3.2115399471195245e-05,7.413150682585318e-05,0.7721518987341772,6.569134617465737e-05,
okx,ARB/USDT:USDT,0.0001,2026-03-24T16:00:00.000Z,-2.2467901879419047e-05,-5.838616096236663e-06,0.575,0.00010658165406391725,
okx,AR/USDT:USDT,0.0001,2026-03-24T16:00:00.000Z,7.684506468928096e-05,5.4709625126611114e-05,0.85,8.045386188471164e-05,
okx,ARKM/USDT:USDT,0.0001,2026-03-24T16:00:00.000Z,4.41410560826762e-05,4.974601211411445e-05,0.8166666666666667,8.709239463055591e-05,
okx,AUCTION/USDT:USDT,5e-05,2026-03-24T12:00:00.000Z,-6.494261451940001e-05,-4.6208816813692234e-05,0.5583333333333333,0.0001979449136880142,
okx,ATOM/USDT:USDT,-0.0001721835238001,2026-03-24T16:00:00.000Z,-9.641194304024761e-05,-0.0003674472676716288,0.23333333333333334,0.0005564050210919545,
okx,ASTER/USDT:USDT,-0.0001914497192086,2026-03-24T12:00:00.000Z,-2.7808010996699996e-05,2.5585801880444426e-06,0.6083333333333333,5.9077670245601414e-05,
okx,AT/USDT:USDT,5e-05,2026-03-24T12:00:00.000Z,4.9999999999999996e-05,5.4050698277218896e-05,1.0,2.3136053635445776e-05,
okx,ATH/USDT:USDT,-0.0001173468184,2026-03-24T09:00:00.000Z,-5.240965094238097e-07,-0.00010983784376525446,0.4166666666666667,0.0001969137385601063,
okx,AVNT/USDT:USDT,5e-05,2026-03-24T12:00:00.000Z,-6.277526177408572e-05,-0.0001446247890698067,0.55,0.00041676394385622994,
okx,AVAX/USDT:USDT,0.0001,2026-03-24T16:00:00.000Z,-3.5819847804314285e-05,5.087974375384446e-06,0.6333333333333333,9.667131840150999e-05,
okx,BARD/USDT:USDT,-3.51657057324e-05,2026-03-24T09:00:00.000Z,-0.002208354700433853,-0.002738955255773479,0.0,0.002530287753051119,
okx,AZTEC/USDT:USDT,5e-05,2026-03-24T12:00:00.000Z,3.722920527390953e-05,-1.888086201110445e-05,0.6083333333333333,0.00032429503285437,
okx,BABY/USDT:USDT,1.25e-05,2026-03-24T09:00:00.000Z,1.1523704873333457e-07,-1.1900359509034443e-05,0.8583333333333333,5.586900713580314e-05,
okx,BAND/USDT:USDT,0.0001,2026-03-24T16:00:00.000Z,9.334751170953809e-05,6.384557624696113e-05,0.875,0.00011164128954847757,
okx,AXS/USDT:USDT,-0.0006155523202067,2026-03-24T12:00:00.000Z,-0.0006166754213449095,-0.0006236936225073833,0.03333333333333333,0.0005544917281315447,
okx,BEAT/USDT:USDT,5e-05,2026-03-24T12:00:00.000Z,0.00023033816932762374,0.00010322372742450667,0.9833333333333333,0.00018983964577094355,
okx,BERA/USDT:USDT,-0.000265855299112,2026-03-24T12:00:00.000Z,-0.00015180055493500951,-4.448352456007333e-05,0.4083333333333333,0.00013328184409339274,
okx,BAT/USDT:USDT,0.0001,2026-03-24T16:00:00.000Z,-8.206304292151429e-05,8.762689031323336e-06,0.7083333333333334,0.00010732783162792246,
okx,BIO/USDT:USDT,5e-05,2026-03-24T12:00:00.000Z,-3.265381264080952e-05,-1.2104217958866627e-06,0.6833333333333333,0.00018715580132668387,
okx,BLUR/USDT:USDT,0.0001,2026-03-24T16:00:00.000Z,-2.4547633632242853e-05,-6.871601449299999e-06,0.6666666666666666,0.0001089346147284187,
okx,BNB/USDT:USDT,9.25145295551e-05,2026-03-24T16:00:00.000Z,-2.065194537494761e-05,6.334785961603335e-06,0.5916666666666667,7.647785895704424e-05,
okx,BICO/USDT:USDT,0.0001,2026-03-24T16:00:00.000Z,7.800900832619049e-05,4.802610262898445e-05,0.875,0.00010457028184751249,
okx,BIGTIME/USDT:USDT,5e-05,2026-03-24T12:00:00.000Z,-5.335159260552381e-06,2.7556505072051123e-05,0.8,8.910894159856191e-05,
okx,BOME/USDT:USDT,5e-05,2026-03-24T12:00:00.000Z,-2.117377509459047e-05,-1.2564937875491111e-05,0.675,0.00010128873136294301,
okx,BONK/USDT:USDT,-0.0001047975101475,2026-03-24T16:00:00.000Z,-0.00015508495272712855,-5.339795380084777e-05,0.44166666666666665,0.00012508815723252396,
okx,BRETT/USDT:USDT,5e-05,2026-03-24T12:00:00.000Z,4.9999999999999996e-05,4.858098327973444e-05,0.975,1.2233813061802402e-05,
okx,CELO/USDT:USDT,0.0001,2026-03-24T16:00:00.000Z,5.666943496860477e-05,-6.70212624942611e-05,0.5833333333333334,0.00020552465206056934,
okx,BREV/USDT:USDT,5e-05,2026-03-24T12:00:00.000Z,2.0366569295366675e-05,3.241463966138112e-05,0.8916666666666667,6.606946802653949e-05,
okx,CC/USDT:USDT,5e-05,2026-03-24T12:00:00.000Z,4.4817602301000015e-06,1.1351086206183332e-05,0.7416666666666667,7.986036948865148e-05,
okx,CFX/USDT:USDT,7.79125349646e-05,2026-03-24T16:00:00.000Z,2.0013073152585714e-05,1.9344660917101117e-05,0.65,9.059001837155464e-05,
okx,COIN/USDT:USDT,0.0,2026-03-24T16:00:00.000Z,-0.00012239306498185238,-9.206037864977468e-05,0.7088607594936709,0.0005642339657236323,
okx,CHZ/USDT:USDT,0.0001,2026-03-24T16:00:00.000Z,5.1283922716609523e-05,2.890884598408444e-05,0.625,9.262175788741779e-05,
okx,COAI/USDT:USDT,5e-05,2026-03-24T12:00:00.000Z,9.973474040801905e-05,0.0001238033254236511,1.0,0.00010289699771108156,
okx,CL/USDT:USDT,0.0,2026-03-24T16:00:00.000Z,1.4285714285714287e-05,0.0005127872674715818,0.7,0.0008804653134179523,
okx,COMP/USDT:USDT,-0.0001546201297574,2026-03-24T16:00:00.000Z,-0.00011064719828573333,-0.00016520144148746225,0.3,0.001439658670256909,
okx,CORE/USDT:USDT,-0.0004180589904767,2026-03-24T16:00:00.000Z,-0.0001595705264901476,-8.612076477683889e-05,0.48333333333333334,0.00019677891678882223,
okx,CRCL/USDT:USDT,0.0,2026-03-24T16:00:00.000Z,-0.00011217267265639999,6.115237531745001e-05,0.6923076923076923,0.00040032069121371107,
okx,DOOD/USDT:USDT,5e-05,2026-03-24T12:00:00.000Z,4.9999999999999996e-05,-0.00017101804413689777,0.75,0.0008155848813760338,
okx,CVX/USDT:USDT,-3.07698353528e-05,2026-03-24T12:00:00.000Z,-5.499486561204762e-05,-9.41274990640333e-06,0.625,0.00012058588495845615,
okx,CRV/USDT:USDT,0.0001,2026-03-24T16:00:00.000Z,-1.8968436684704763e-05,2.1629140352644465e-06,0.5583333333333333,9.493509687432541e-05,
okx,CRO/USDT:USDT,3.61035307303e-05,2026-03-24T16:00:00.000Z,-9.006855997348093e-05,-6.658895395594333e-05,0.4666666666666667,0.00015070111303671158,
okx,DASH/USDT:USDT,5e-05,2026-03-24T12:00:00.000Z,-1.1235471145523806e-05,1.4931923750771115e-05,0.75,6.97454920732421e-05,
okx,DOT/USDT:USDT,-0.0003168500739332,2026-03-24T16:00:00.000Z,-3.0371635612190493e-06,-9.534293470629555e-05,0.48333333333333334,0.0002527819377407301,
